<?xml version="1.0" encoding="UTF-8"?>
<metadata modelVersion="1.1.0">
  <groupId>com.bancopopular.deimos.services.support</groupId>
  <artifactId>deimos-support-services-error-catalog</artifactId>
  <version>1.0.0-SNAPSHOT</version>
  <versioning>
    <snapshot>
      <localCopy>true</localCopy>
    </snapshot>
    <lastUpdated>20200608211332</lastUpdated>
    <snapshotVersions>
      <snapshotVersion>
        <extension>jar</extension>
        <value>1.0.0-SNAPSHOT</value>
        <updated>20200608211332</updated>
      </snapshotVersion>
      <snapshotVersion>
        <extension>pom</extension>
        <value>1.0.0-SNAPSHOT</value>
        <updated>20200608211332</updated>
      </snapshotVersion>
    </snapshotVersions>
  </versioning>
</metadata>
